{"cameraMode":{"drawMode":0,"name":"Shaded","section":"Shading Mode"},"sceneLighting":true,"audioPlay":false,"sceneViewState":{"m_AlwaysRefresh":false,"showFog":true,"showSkybox":true,"showFlares":true,"showImageEffects":true,"showParticleSystems":true,"showVisualEffectGraphs":true,"m_FxEnabled":true},"in2DMode":false,"pivot":{"x":673.0423583984375,"y":405.6442565917969,"z":11.1368408203125},"rotation":{"x":0.09882337599992752,"y":0.0032110766042023899,"z":-0.000630635826382786,"w":0.9949790835380554},"size":248.78073120117188,"orthographic":false}